Název,Kontaktní osoba,Průvodní text
název ústavu a fakulty nebo pouze fakulty,"člověk, který na pracovišti řeší agendu SOČ","průvodní text, typicky kontaktní osoba za daný ústav/fakultu"
HEADER,,intro
Fakulta informatiky MU,propagace@fi.muni.cz,"Chcete psát SOČ s konzultanty z fakulty informatiky? Podívejte se na <a href=""https://www.fi.muni.cz/research/map.html"" target=""_blank"">oblasti výzkumu</a> nebo <a href=""https://www.fi.muni.cz/research/laboratories/index.html"" target=""_blank"">přehled laboratoří na FI</a>. Pokud vás některá oblast mimo níže uvedená témata zaujala, obracejte se na Martu Vrlovou (<a>propagace@fi.muni.cz</a>), která zprostředkuje kontakt na specialisty na danou oblast z fakulty informatiky. "
Ekonomicko-správní fakulta MU,Mirka Stejskalová miroslava.stejskalova@econ.muni.cz,"Chceš psát SOČ na ESF MU? Koukni na náš web: <a href=""https://www.econ.muni.cz/cs"" target=""_blank"">https://www.econ.muni.cz/cs</a>. A další témata po konzultaci na katedrách. Informace vám podá Mirka Stejskalová (<a>miroslava.stejskalova@econ.muni.cz</a>)."
"CEITEC MU, Středoevropský technologický institut",Michaela Fajkusová Michaela.Fajkusova@ceitec.muni.cz,"Pokud máte zájem vypracovat svou SOČ pod vedením školitele z CEITEC MU, seznamte se se zaměřením jednotlivých výzkumných skupin ústavu, kontaktujte školitele z preferované oblasti a ověřte možnost realizace projektu SOČ na daném pracovišti. V případě zájmu o některé z konkrétních vypsaných témat, kontaktujte vedoucího tématu. Jestliže potřebujete poradit, obraťte se na kontaktní osobu: Alena Otoupalíková (<a>alena.otoupalikova@ceitec.muni.cz</a>), pokusíme se Vám pomoci, případně najít školitele."
"Geografický ústav, PřF MU","Petr Dobrovolný
dobro@sci.muni.cz","Budeme rádi spolupracovat se studenty, kteří mají zájem o fyzickou geografii, sociální geografii či kartografii a geoinformatiku. Zájemci o téma se mohou informovat přímo u jednotlivých školitelů. V případě, že máte nápad na nějaké vlastní téma a potřebujete odbornou radu, napište Petrovi Dobrovolnému (<a>dobro@sci.muni.cz</a>), pokusíme se vám poradit či najít školitele."
"Národní centrum pro výzkum biomolekul, PřF MU","Mgr. Veronika Papoušková, Ph.D.
papouskova@ncbr.muni.cz","V případě zájmu o SOČ ve spolupráci s NCBR kontaktujte koordinátorku ústavu Mgr. Veroniku Papouškovou, Ph.D. (<a>papouskova@ncbr.muni.cz</a>)."
"RECETOX, PřF MU","Rozárka Jílková
rozarka.jilkova@recetox.muni.cz",Zajímá Vás životní prostředí a jak ovlivňuje nás a jak ovlivňujeme my jej? Kontaktujte Rozárku Jílkovou (<a>rozarka.jilkova@recetox.muni.cz</a>) a domluvte si téma přímo Vám na míru.
"Ústav biochemie, PřF MU","dr. Kašparovská
kasparovska@mail.muni.cz","Témata pro SOČ lze najít na webu ústavu <a href=""http://www.ubch.sci.muni.cz"" target=""_blank"">www.ubch.sci.muni.cz</a>. V případě, že má student zájem o biochemické téma pro svou SOČ, může kontaktovat jednotlivé vedoucí laboratoří nebo dr. Kašparovskou (<a>kasparovska@mail.muni.cz</a>)."
"Ústav botaniky a zoologie, PřF MU","Eva Šmerdová
75764@mail.muni.cz","Vypsaná témata lze najít v <a href=""http://botzool.sci.muni.cz/files/soc.pdf"" 
 target=""_blank"">PDF na webu ústavu</a>. V případě zájmu o konkrétní téma je nejlepší kontaktovat vedoucího tématu. Kontaktní osoba ohledně SOČ obecně: Eva Šmerdová (<a>75764@mail.muni.cz</a>)."
"Ústav experimentální biologie, PřF MU","Kateřina Tomanová
katerina.tomanova@mail.muni.cz","Zajímají vás molekuly, geny, chromozomy a jak to celé vlastně funguje od počátku buňky až po její zánik? Nás také! Na Ústavu experimentální biologie se věnujeme molekulární biologii a genetice s přesahy do biochemie, bioinformatiky, ale také do medicíny, botaniky a zoologie. Využíváme moderní molekulární metody a přístroje, pomocí kterých se snažíme posouvat poznání o kousek dál. Přidejte se k nám a vypracujte u nás svou SOČ pod vedením zkušených školitelů, kteří Vás moc rádi zasvětí do tajů buněčného světa. Pro více informací kontaktujte jednotlivé vedoucí nebo Kateřinu Tomanovou (<a>katerina.tomanova@mail.muni.cz</a>)."
"Ústav fyziky a technologií plazmatu, PřF MU",pdvorak@physics.muni.cz,"Naše katedra se věnuje především fyzice plazmatu, tedy ionizovaného plynu, ve kterém probíhá množství nevšedních procesů, který se dá překvapivě využít, např. k objevování nových materiálů, a který v nás provokuje řadu otázek. Co se v plazmatu děje a proč? Jakým způsobem lze pomocí plazmatu vyrobit nové užitečné materiály a mohly by třeba být tvrdé a houževnatější než diamant? Co se stane s předmětem, který do plazmatu vložíme? Může plazma pomoci firmám vyřadit z výroby ekologicky problematické látky? Nebo může pomoci jednoduše slepit dva kusy skla? Při pokusech odpovědět na podobné otázky Tě rádi uvítáme. Zájemci můžou kontaktovat přímo školitele vybraného tématu, nebo, v případě obecnějších otázek, kontaktní osobu pro SOČ  (<a>pdvorak@physics.muni.cz</a>)."
"Ústav geologických věd, PřF MU","Kateřina Zachovalová
9098@mail.muni.cz",Kontaktní osoba ohledně SOČ obecně: Kateřina Zachovalová (<a>9098@mail.muni.cz</a>).
"Ústav chemie, PřF MU","Mgr. Hugo Semrád, Ph.D.
semrad.hugo@mail.muni.cz","V případě zájmu o téma práce SOČ zpracované na Ústavu chemie PřF MU kontaktujte Mgr. Huga Semráda, Ph.D. (<a>semrad.hugo@mail.muni.cz</a>)."
"Ústav teoretické fyziky a astrofyziky, PřF MU","Václav Glos
glos@physics.muni.cz",Kontaktní osoba ohledně SOČ obecně: Václav Glos (<a>glos@physics.muni.cz</a>).
"Ústav matematiky a statistiky, PřF MU","Petr Zemánek
zemanekp@math.muni.cz",Kontaktní osoba ohledně SOČ obecně: Petr Zemánek (<a>zemanekp@math.muni.cz</a>).
Právnická fakulta MU,vedavyzkum@law.muni.cz,Kontaktní osoba: Mgr. Ing. Jiří Jaroš
Fakulta sociálních studií MU,propagace@fss.muni.cz,
Filozofická fakulta MU,"Mgr. Ondřej Krajtl
krajtl@phil.muni.cz","Zajímají vás humanitní disciplíny, láká vás zkoumat a interpretovat kulturní a společenský vývoj? Pak jste u nás správně. Kontaktuje nás na adrese propagace@phil.muni.cz a domluvte si téma podle svých zájmů."
Lékařská fakulta MU,akademie@med.muni.cz,"Lékařská fakulta MU je místem, kde můžete průběžně sledovat, jak nová poznání přechází v praxi. Jak vědecké objevy a výsledky výzkumů ožívají a zlepšují kvalitu lidského života a zdravotnické péče. Buďte toho součástí. Piště SOČku pod vedením našich expertů, pracujte na vlastním tématu a staňte se vědcem už na střední škole."
Fakulta sportovních studií MU,Pavlína Roučová   roucova@fsps.muni.cz,Kontaktní osoba pro SOČ obecně: Mgr. Pavlína Roučová (roucova@fsps.muni.cz).
Farmaceutická fakulta MU,"PharmDr. Marie Valentová, Ph.D. valentovam@pharm.muni.cz","Kontaktní osoba pro SOČ obecně: PharmDr. Marie Valentová, Ph.D. (<a>valentovam@pharm.muni.cz</a>)."
Pedagogická fakulta MU,Mgr. Jana Jančíková jjancikova@ped.muni.cz,Kontaktní osoba pro SOČ obecně: Mgr. Jana Jančíková (jjancikova@ped.muni.cz).
Ústav antropologie,"Mgr. Martin Čuta, Ph.D. cuta@sci.muni.cz","Kontaktní osoba pro SOČ obecně: Mgr. Martin Čuta, Ph.D. (cuta@sci.muni.cz"
